City_ID,City,Lat,Lng,Max Temp,Humidity,Cloudiness,Wind Speed,Country,Date
0,ushuaia,-54.8,-68.3,12.84,56,87,1.3,AR,2023-02-07 20:30:57
1,swan hill,-35.3378,143.5544,15.67,63,0,4.53,AU,2023-02-07 20:34:27
2,avarua,-21.2078,-159.775,28.03,78,75,5.14,CK,2023-02-07 20:34:35
3,great yarmouth,52.6083,1.7305,3.86,85,52,2.84,GB,2023-02-07 20:34:40
4,dori,14.0354,-0.0345,28.42,13,100,4.53,BF,2023-02-07 20:34:41
5,mahebourg,-20.4081,57.7,26.25,83,40,6.17,MU,2023-02-07 20:34:41
6,presidencia roque saenz pena,-26.7852,-60.4388,40.79,15,47,2.88,AR,2023-02-07 20:34:42
7,grand-lahou,5.1367,-5.0242,26.03,89,46,2.61,CI,2023-02-07 20:34:42
8,salinopolis,-0.6136,-47.3561,26.5,82,62,5.36,BR,2023-02-07 20:24:59
9,nizhniy kuranakh,58.8353,125.4869,-31.13,99,100,0.83,RU,2023-02-07 20:34:42
10,provideniya,64.3833,-173.3,-26.97,94,57,1.65,RU,2023-02-07 20:34:43
11,saint-philippe,-21.3585,55.7679,25.77,85,92,5.96,RE,2023-02-07 20:34:43
12,hobyo,5.3505,48.5268,24.47,78,10,5.81,SO,2023-02-07 20:34:43
13,albany,42.6001,-73.9662,4.29,43,100,1.79,US,2023-02-07 20:31:43
14,khatanga,71.9667,102.5,-43.96,100,79,1.08,RU,2023-02-07 20:34:44
15,cayenne,4.9333,-52.3333,28.02,74,40,6.69,GF,2023-02-07 20:34:44
16,tuatapere,-46.1333,167.6833,10.73,81,68,6.07,NZ,2023-02-07 20:34:44
17,isangel,-19.55,169.2667,26.84,81,100,0.15,VU,2023-02-07 20:34:45
18,ceres,37.5949,-120.9577,13.82,61,0,0.0,US,2023-02-07 20:34:45
19,mar del plata,-38.0023,-57.5575,29.35,88,3,6.26,AR,2023-02-07 20:30:07
20,grimshaw,56.1834,-117.6027,-1.21,55,20,6.17,CA,2023-02-07 20:34:46
21,jamestown,42.097,-79.2353,8.77,60,100,4.63,US,2023-02-07 20:31:56
22,bolshaya glushitsa,50.2406,43.5908,-11.56,89,9,5.97,RU,2023-02-07 20:34:46
23,rikitea,-23.1203,-134.9692,26.07,74,93,5.49,PF,2023-02-07 20:32:42
24,vaini,-21.2,-175.2,26.51,79,56,6.4,TO,2023-02-07 20:34:48
25,manaure,11.7751,-72.4445,29.38,55,44,10.68,CO,2023-02-07 20:34:48
26,kilindoni,-7.9139,39.6668,27.61,79,100,6.84,TZ,2023-02-07 20:34:48
27,barrow,71.2906,-156.7887,-21.99,77,100,4.12,US,2023-02-07 20:34:50
28,busselton,-33.65,115.3333,16.2,90,19,4.18,AU,2023-02-07 20:34:44
29,talnakh,69.4865,88.3972,-22.33,98,100,2.94,RU,2023-02-07 20:33:50
30,hilo,19.7297,-155.09,25.16,97,100,2.06,US,2023-02-07 20:30:00
31,puerto ayora,-0.7393,-90.3518,28.98,89,27,5.81,EC,2023-02-07 20:32:48
32,gazojak,41.1875,61.4036,6.04,62,100,7.87,TM,2023-02-07 20:34:50
33,fortuna,40.5982,-124.1573,12.74,72,84,0.45,US,2023-02-07 20:34:51
34,deputatskiy,69.3,139.9,-43.76,99,58,1.91,RU,2023-02-07 20:34:51
35,srednekolymsk,67.45,153.6833,-35.38,99,100,2.4,RU,2023-02-07 20:34:52
36,butaritari,3.0707,172.7902,27.27,80,100,10.26,KI,2023-02-07 20:31:55
37,palmer,42.1584,-72.3287,5.08,30,75,4.63,US,2023-02-07 20:34:52
38,mataura,-46.1927,168.8643,9.15,88,86,3.58,NZ,2023-02-07 20:34:52
39,rocha,-34.4833,-54.3333,26.59,52,47,6.66,UY,2023-02-07 20:34:34
40,punta arenas,-53.15,-70.9167,17.01,51,75,8.23,CL,2023-02-07 20:30:45
41,lavrentiya,65.5833,-171.0,-25.56,90,100,1.66,RU,2023-02-07 20:34:53
42,hithadhoo,-0.6,73.0833,27.37,69,99,3.57,MV,2023-02-07 20:34:53
43,kruisfontein,-34.0033,24.7314,21.6,82,99,1.15,ZA,2023-02-07 20:34:53
44,tarata,-17.6167,-66.0167,22.68,64,99,1.34,BO,2023-02-07 20:34:54
45,laguna,38.421,-121.4238,15.17,61,0,0.89,US,2023-02-07 20:34:54
46,santa fe do sul,-20.2111,-50.9258,25.43,78,52,3.21,BR,2023-02-07 20:34:54
47,longyan,25.1072,117.0225,16.27,99,100,1.08,CN,2023-02-07 20:34:55
48,port alfred,-33.5906,26.891,21.77,90,100,0.89,ZA,2023-02-07 20:34:55
49,bethel,41.3712,-73.414,4.64,51,0,5.14,US,2023-02-07 20:34:56
50,sambava,-14.2667,50.1667,24.12,89,77,3.24,MG,2023-02-07 20:34:56
51,severo-kurilsk,50.6789,156.125,-6.31,63,67,5.14,RU,2023-02-07 20:32:41
52,tautira,-17.7333,-149.15,26.36,68,0,2.98,PF,2023-02-07 20:31:13
53,portland,45.5234,-122.6762,9.43,88,100,8.05,US,2023-02-07 20:25:47
54,kodiak,57.79,-152.4072,-2.27,59,0,6.69,US,2023-02-07 20:34:56
55,te anau,-45.4167,167.7167,10.32,81,61,3.24,NZ,2023-02-07 20:34:57
56,iqaluit,63.7506,-68.5145,-32.95,67,75,4.63,CA,2023-02-07 20:34:57
57,bredasdorp,-34.5322,20.0403,19.94,73,99,4.33,ZA,2023-02-07 20:34:57
58,yellowknife,62.456,-114.3525,-18.71,71,75,3.09,CA,2023-02-07 20:30:35
59,pangnirtung,66.1451,-65.7125,-34.0,75,0,1.03,CA,2023-02-07 20:34:58
60,grindavik,63.8424,-22.4338,-2.74,68,75,10.29,IS,2023-02-07 20:34:58
61,morgantown,39.6295,-79.9559,17.47,47,75,4.63,US,2023-02-07 20:34:58
62,chotila,22.4167,71.1833,19.87,36,2,1.7,IN,2023-02-07 20:34:59
63,chokurdakh,70.6333,147.9167,-37.88,99,99,1.88,RU,2023-02-07 20:34:59
64,aparecida,-22.8469,-45.2297,22.84,94,93,1.18,BR,2023-02-07 20:34:59
65,georgetown,5.4112,100.3354,23.85,89,91,3.16,MY,2023-02-07 20:33:03
66,zhengjiatun,43.5064,123.5064,-9.69,57,0,3.21,CN,2023-02-07 20:35:00
67,victor harbor,-35.5667,138.6167,15.38,75,1,3.61,AU,2023-02-07 20:35:00
68,lethem,3.3803,-59.7968,31.57,48,87,4.5,GY,2023-02-07 20:35:01
69,nikolskoye,59.7035,30.7861,-2.06,89,98,4.47,RU,2023-02-07 20:35:01
70,pevek,69.7008,170.3133,-30.13,94,100,1.4,RU,2023-02-07 20:31:46
71,norman wells,65.282,-126.8329,-22.98,70,75,1.54,CA,2023-02-07 20:35:02
72,hobart,-42.8794,147.3294,12.92,71,75,2.57,AU,2023-02-07 20:33:15
73,qaanaaq,77.484,-69.3632,-30.47,64,100,2.29,GL,2023-02-07 20:34:00
74,bluff,-46.6,168.3333,9.33,66,73,11.7,NZ,2023-02-07 20:33:53
75,stavrovo,56.1331,40.013,-17.68,100,100,2.24,RU,2023-02-07 20:35:04
76,new norfolk,-42.7826,147.0587,12.72,65,9,0.48,AU,2023-02-07 20:35:04
77,east london,-33.0153,27.9116,22.19,86,100,5.1,ZA,2023-02-07 20:35:05
78,san cristobal,7.7669,-72.225,26.1,41,32,1.88,VE,2023-02-07 20:35:05
79,belaya gora,68.5333,146.4167,-43.24,100,98,0.91,RU,2023-02-07 20:35:06
80,carnarvon,-24.8667,113.6333,24.7,69,0,8.66,AU,2023-02-07 20:35:06
81,sira,13.7453,76.9092,21.63,42,4,3.75,IN,2023-02-07 20:35:11
82,aripuana,-9.1667,-60.6333,23.35,98,99,0.76,BR,2023-02-07 20:35:13
83,airai,-8.9266,125.4092,16.38,93,95,0.49,TL,2023-02-07 20:35:14
84,marrakesh,31.6315,-8.0083,13.04,58,75,2.57,MA,2023-02-07 20:31:30
85,los llanos de aridane,28.6585,-17.9182,13.86,79,40,5.66,ES,2023-02-07 20:35:14
86,bay city,43.5945,-83.8889,4.5,86,100,7.2,US,2023-02-07 20:34:04
87,vieux-habitants,16.0589,-61.7659,24.76,73,6,6.05,GP,2023-02-07 20:35:20
88,quelimane,-17.8786,36.8883,25.56,90,98,2.34,MZ,2023-02-07 20:32:46
89,saint anthony,45.0205,-93.218,2.09,63,0,5.14,US,2023-02-07 20:35:22
90,port hawkesbury,45.6169,-61.3485,-1.13,67,0,5.14,CA,2023-02-07 20:35:22
91,svay rieng,11.0879,105.7993,22.99,88,92,2.55,KH,2023-02-07 20:35:27
92,formosa,-26.1775,-58.1781,37.99,28,40,1.54,AR,2023-02-07 20:35:28
93,atuona,-9.8,-139.0333,25.79,77,10,6.72,PF,2023-02-07 20:35:30
94,suntar,62.1444,117.6319,-35.34,98,100,0.59,RU,2023-02-07 20:35:31
95,burns lake,54.2331,-125.7533,-1.22,96,100,0.4,CA,2023-02-07 20:30:54
96,herborn,50.6833,8.3167,0.35,74,49,3.6,DE,2023-02-07 20:35:35
97,illapel,-31.6308,-71.1653,28.81,44,0,3.69,CL,2023-02-07 20:35:35
98,cape town,-33.9258,18.4232,23.4,74,40,5.36,ZA,2023-02-07 20:32:46
99,husavik,66.0449,-17.3389,-5.1,76,38,7.42,IS,2023-02-07 20:35:38
100,ancud,-41.8697,-73.8203,17.94,76,9,4.23,CL,2023-02-07 20:34:06
101,bairiki,1.3292,172.9752,28.0,78,40,5.66,KI,2023-02-07 20:35:40
102,brae,60.3964,-1.353,6.66,75,14,13.2,GB,2023-02-07 20:35:41
103,tateyama,34.9833,139.8667,9.5,82,99,5.41,JP,2023-02-07 20:35:41
104,vieste,41.8825,16.175,6.13,48,40,6.45,IT,2023-02-07 20:35:42
105,hasaki,35.7333,140.8333,8.22,83,100,11.55,JP,2023-02-07 20:35:42
106,flinders,-34.5833,150.8552,20.66,91,99,0.89,AU,2023-02-07 20:35:42
107,coihaique,-45.5752,-72.0662,23.97,46,40,4.12,CL,2023-02-07 20:35:43
108,chulman,56.8479,124.9104,-31.82,100,100,0.45,RU,2023-02-07 20:35:07
109,hukuntsi,-24.0,21.75,20.15,77,100,4.41,BW,2023-02-07 20:35:43
110,bobcaygeon,44.5462,-78.542,4.38,100,99,5.96,CA,2023-02-07 20:35:43
111,kapaa,22.0752,-159.319,25.99,87,75,5.14,US,2023-02-07 20:35:44
112,wanaka,-44.7,169.15,12.66,59,68,2.56,NZ,2023-02-07 20:35:44
113,torbay,47.6666,-52.7314,-4.68,82,100,10.28,CA,2023-02-07 20:31:01
114,hermanus,-34.4187,19.2345,20.45,80,82,5.76,ZA,2023-02-07 20:35:45
115,aksu,41.1231,80.2644,-4.25,75,4,2.78,CN,2023-02-07 20:35:45
116,katsuura,35.1333,140.3,10.19,83,100,8.04,JP,2023-02-07 20:32:01
117,labuhan,-6.8844,112.2051,24.39,89,100,3.59,ID,2023-02-07 20:35:46
118,bambous virieux,-20.3428,57.7575,26.23,83,40,6.17,MU,2023-02-07 20:35:46
119,hambantota,6.1241,81.1185,24.54,85,97,5.3,LK,2023-02-07 20:35:46
120,puerto penasco,31.3167,-113.5333,18.28,30,0,3.13,MX,2023-02-07 20:35:47
121,cabedelo,-6.9811,-34.8339,29.37,65,86,5.53,BR,2023-02-07 20:35:47
122,waingapu,-9.6567,120.2641,25.87,87,98,3.51,ID,2023-02-07 20:35:47
123,lashio,22.9333,97.75,8.13,54,0,0.74,MM,2023-02-07 20:35:48
124,ingham,42.6,-84.3833,4.53,83,100,4.63,US,2023-02-07 20:35:48
125,cabo san lucas,22.8909,-109.9124,27.01,63,20,2.57,MX,2023-02-07 20:32:48
126,salalah,17.0151,54.0924,22.05,40,0,2.57,OM,2023-02-07 20:31:55
127,awjilah,29.1081,21.2869,11.88,52,100,4.06,LY,2023-02-07 20:35:49
128,ambulu,-8.345,113.6058,23.51,94,100,1.77,ID,2023-02-07 20:35:50
129,buala,-8.145,159.5921,26.88,87,99,4.12,SB,2023-02-07 20:35:50
130,dzerzhinsk,56.2389,43.4631,-14.1,85,40,2.0,RU,2023-02-07 20:35:50
131,adrar,20.5022,-10.0711,17.6,19,89,5.47,MR,2023-02-07 20:35:51
132,cidreira,-30.1811,-50.2056,25.44,69,11,4.43,BR,2023-02-07 20:32:53
133,kasongo-lunda,-6.4667,16.8167,20.74,94,80,0.73,CD,2023-02-07 20:35:51
134,jalu,29.0331,21.5482,11.98,50,100,3.84,LY,2023-02-07 20:35:52
135,varzob,38.7737,68.8178,4.85,33,66,4.25,TJ,2023-02-07 20:35:52
136,whitehorse,60.7161,-135.0538,-4.57,63,40,7.2,CA,2023-02-07 20:35:53
137,cajazeiras,-6.8903,-38.5553,29.17,30,53,1.51,BR,2023-02-07 20:35:53
138,qom,34.6401,50.8764,8.41,52,53,2.77,IR,2023-02-07 20:35:54
139,mezen,65.8522,44.24,0.08,95,100,5.7,RU,2023-02-07 20:35:56
140,chavakachcheri,9.6579,80.1643,24.4,87,5,3.89,LK,2023-02-07 20:35:57
141,castro,-24.7911,-50.0119,22.25,76,12,3.6,BR,2023-02-07 20:32:34
142,khani,41.9563,42.9566,-1.24,98,100,1.95,GE,2023-02-07 20:35:58
143,rio muerto,27.4167,-110.2333,23.29,10,24,7.85,MX,2023-02-07 20:35:58
144,vuktyl,63.8567,57.3094,-14.06,93,100,5.62,RU,2023-02-07 20:35:59
145,vaitape,-16.5167,-151.75,26.66,76,29,5.07,PF,2023-02-07 20:34:32
146,karratha,-20.7377,116.8463,29.8,61,38,2.13,AU,2023-02-07 20:35:59
147,souillac,-20.5167,57.5167,26.21,83,40,6.17,MU,2023-02-07 20:35:59
148,esperance,-33.8667,121.9,20.32,68,100,4.9,AU,2023-02-07 20:36:00
149,hay river,60.8156,-115.7999,-19.01,71,75,6.17,CA,2023-02-07 20:36:00
150,namibe,-15.1961,12.1522,21.88,74,71,4.3,AO,2023-02-07 20:36:00
151,jinchang,38.4953,102.1739,-2.77,49,100,2.34,CN,2023-02-07 20:36:01
152,kaitangata,-46.2817,169.8464,9.58,87,98,5.47,NZ,2023-02-07 20:32:50
153,arraial do cabo,-22.9661,-42.0278,26.92,83,40,3.09,BR,2023-02-07 20:35:39
154,wichian buri,15.6578,101.106,25.91,67,2,0.69,TH,2023-02-07 20:36:01
155,cockburn town,21.4612,-71.1419,25.23,74,0,9.4,TC,2023-02-07 20:36:02
156,harrison,30.4091,-89.0436,22.81,86,100,6.17,US,2023-02-07 20:36:03
157,vila velha,-20.3297,-40.2925,27.97,82,20,7.72,BR,2023-02-07 20:36:04
158,ban nahin,18.2418,104.2122,21.02,91,9,1.54,LA,2023-02-07 20:36:05
159,port elizabeth,-33.918,25.5701,22.83,90,0,2.57,ZA,2023-02-07 20:36:05
160,carbonia,39.1672,8.5222,8.36,66,70,7.75,IT,2023-02-07 20:36:07
161,lebu,-37.6167,-73.65,17.33,73,0,7.96,CL,2023-02-07 20:36:08
162,pisco,-13.7,-76.2167,28.03,61,0,6.17,PE,2023-02-07 20:36:09
163,nanortalik,60.1432,-45.2371,-14.6,69,41,10.69,GL,2023-02-07 20:36:09
164,longyearbyen,78.2186,15.6401,-6.09,86,75,20.06,SJ,2023-02-07 20:36:09
165,chuy,-33.6971,-53.4616,26.13,59,0,6.36,UY,2023-02-07 20:31:44
166,san patricio,28.017,-97.5169,24.53,67,98,9.22,US,2023-02-07 20:35:29
167,samfya,-11.3649,29.5565,17.42,94,100,2.89,ZM,2023-02-07 20:36:10
168,bengkulu,-3.8004,102.2655,24.03,84,91,2.91,ID,2023-02-07 20:31:59
169,bazarnyye mataki,54.8833,49.9333,-23.07,100,75,1.73,RU,2023-02-07 20:36:10
170,morant bay,17.8815,-76.4093,31.51,73,9,5.71,JM,2023-02-07 20:36:11
171,progreso,21.2833,-89.6667,31.73,55,1,5.54,MX,2023-02-07 20:36:11
172,porto novo,6.4965,2.6036,28.9,78,87,3.48,BJ,2023-02-07 20:36:12
173,bowen,-20.0167,148.2333,25.38,85,88,6.75,AU,2023-02-07 20:36:13
174,tuktoyaktuk,69.4541,-133.0374,-33.0,68,100,1.54,CA,2023-02-07 20:36:13
175,nishihara,26.1842,127.7558,19.6,86,75,4.63,JP,2023-02-07 20:36:13
176,roma,43.2128,-75.4557,7.12,57,100,5.14,US,2023-02-07 20:32:03
177,fort nelson,58.8053,-122.7002,-6.23,63,20,2.57,CA,2023-02-07 20:36:17
178,dongsheng,39.8161,109.9776,-6.26,58,45,3.34,CN,2023-02-07 20:36:17
179,garden city,42.3256,-83.331,12.97,57,20,9.26,US,2023-02-07 20:31:41
180,waitati,-45.75,170.5667,16.14,42,30,4.19,NZ,2023-02-07 20:36:19
181,yar-sale,66.8333,70.8333,-21.15,95,98,5.85,RU,2023-02-07 20:36:20
182,ribeira grande,38.5167,-28.7,12.65,62,20,7.6,PT,2023-02-07 20:36:21
183,iranshahr,27.2025,60.6848,16.19,33,0,2.06,IR,2023-02-07 20:36:22
184,paragominas,-2.9667,-47.4833,24.6,95,100,1.55,BR,2023-02-07 20:36:23
185,lasa,46.6166,10.7002,-0.51,72,3,1.19,IT,2023-02-07 20:35:58
186,mpanda,-6.3655,31.0409,18.47,95,100,0.94,TZ,2023-02-07 20:36:23
187,zhumadian,32.9794,114.0294,6.34,95,100,2.34,CN,2023-02-07 20:36:24
188,peniche,39.3558,-9.3811,10.62,69,5,3.82,PT,2023-02-07 20:36:24
189,phalombe,-15.8064,35.6507,19.29,97,100,1.15,MW,2023-02-07 20:36:25
190,zyryanka,65.75,150.85,-38.01,99,85,1.83,RU,2023-02-07 20:33:57
191,marawi,7.9986,124.2928,17.29,93,100,0.56,PH,2023-02-07 20:36:26
192,bilibino,68.0546,166.4372,-39.99,100,100,0.15,RU,2023-02-07 20:32:46
193,pucallpa,-8.3791,-74.5539,26.02,83,75,1.54,PE,2023-02-07 20:36:26
194,katherine,-14.4667,132.2667,27.18,83,100,2.06,AU,2023-02-07 20:35:48
195,geraldton,-28.7667,114.6,19.23,88,75,4.63,AU,2023-02-07 20:32:46
196,waipawa,-41.4122,175.5153,18.06,70,4,1.29,NZ,2023-02-07 20:36:28
197,rawson,-43.3002,-65.1023,21.9,45,40,7.43,AR,2023-02-07 20:36:28
198,port-gentil,-0.7193,8.7815,26.98,89,40,1.03,GA,2023-02-07 20:36:29
199,skelleftea,64.7507,20.9528,3.2,96,0,3.6,SE,2023-02-07 20:32:50
200,mayumba,-3.432,10.6554,25.68,86,28,1.81,GA,2023-02-07 20:36:30
201,cusuna,15.85,-85.2333,26.8,69,17,4.91,HN,2023-02-07 20:36:30
202,preobrazheniye,42.9019,133.9064,-7.86,64,85,2.65,RU,2023-02-07 20:36:30
203,atasu,48.6814,71.6433,-20.13,100,100,1.69,KZ,2023-02-07 20:36:31
204,lakselv,70.0513,24.9718,1.9,75,75,5.66,NO,2023-02-07 20:36:31
205,jacareacanga,-6.2222,-57.7528,28.82,70,53,0.68,BR,2023-02-07 20:36:31
206,menongue,-14.6585,17.691,17.13,91,100,2.07,AO,2023-02-07 20:36:32
207,gat,31.61,34.7642,11.16,100,77,10.48,IL,2023-02-07 20:34:06
208,samastipur,25.85,85.7833,14.31,65,0,0.28,IN,2023-02-07 20:36:32
209,poum,-20.2333,164.0167,26.85,81,95,2.77,NC,2023-02-07 20:36:32
210,saurimo,-9.6608,20.3916,17.85,93,100,1.28,AO,2023-02-07 20:36:35
211,faya,18.3851,42.4509,13.06,83,25,2.51,SA,2023-02-07 20:36:36
212,saldanha,-33.0117,17.9442,19.03,89,49,10.71,ZA,2023-02-07 20:36:38
213,olden,61.8364,6.8064,7.28,98,100,3.54,NO,2023-02-07 20:36:38
214,stromness,58.965,-3.296,3.98,83,5,3.58,GB,2023-02-07 20:36:39
215,marienburg,54.0359,19.0266,0.58,96,45,1.98,PL,2023-02-07 20:36:39
216,ulladulla,-35.35,150.4667,18.36,90,100,2.54,AU,2023-02-07 20:36:41
217,coquimbo,-29.9533,-71.3436,19.85,77,75,6.17,CL,2023-02-07 20:32:46
218,ryki,51.6257,21.9327,-0.23,50,100,1.87,PL,2023-02-07 20:36:42
219,thompson,55.7435,-97.8558,-16.91,71,100,2.06,CA,2023-02-07 20:34:58
220,kampot,10.6167,104.1833,24.03,80,76,1.86,KH,2023-02-07 20:36:42
221,seoul,37.5683,126.9778,-2.31,93,1,1.03,KR,2023-02-07 20:36:17
222,port lincoln,-34.7333,135.8667,18.42,82,2,5.78,AU,2023-02-07 20:36:42
223,ilulissat,69.2167,-51.1,-22.99,70,75,2.57,GL,2023-02-07 20:31:47
224,san andres,12.5847,-81.7006,28.01,78,40,7.72,CO,2023-02-07 20:36:43
225,acapulco,16.8634,-99.8901,29.9,58,0,5.14,MX,2023-02-07 20:35:41
226,consuegra,39.4625,-3.608,4.29,77,99,6.19,ES,2023-02-07 20:36:43
227,ust-omchug,61.15,149.6333,-40.11,99,81,1.42,RU,2023-02-07 20:36:43
228,sinnamary,5.3833,-52.95,25.38,87,32,5.38,GF,2023-02-07 20:36:44
229,ahipara,-35.1667,173.1667,20.34,64,97,2.9,NZ,2023-02-07 20:36:44
230,kahului,20.8947,-156.47,26.65,77,40,8.75,US,2023-02-07 20:34:19
231,sao filipe,14.8961,-24.4956,20.55,64,2,7.07,CV,2023-02-07 20:34:42
232,teguldet,57.3064,88.1667,-10.81,95,100,3.01,RU,2023-02-07 20:36:45
233,lagoa,39.05,-27.9833,13.42,58,100,7.75,PT,2023-02-07 20:36:45
234,mutum,-19.8,-41.4383,25.24,88,100,1.05,BR,2023-02-07 20:32:45
235,cherskiy,68.75,161.3,-35.75,99,100,2.4,RU,2023-02-07 20:36:45
236,victoria,22.2855,114.1577,19.1,92,93,3.58,HK,2023-02-07 20:36:17
237,saskylakh,71.9167,114.0833,-34.86,100,99,0.63,RU,2023-02-07 20:35:48
238,elko,41.0002,-115.5012,-1.31,67,58,0.45,US,2023-02-07 20:36:46
239,ndele,8.4109,20.6473,25.19,14,18,2.59,CF,2023-02-07 20:36:41
240,bosaso,11.2842,49.1816,23.74,81,73,1.41,SO,2023-02-07 20:33:11
241,melo,-32.3667,-54.1833,33.58,21,39,8.03,UY,2023-02-07 20:36:46
242,rudnichnyy,59.617,52.4703,-13.75,96,100,3.35,RU,2023-02-07 20:36:47
243,sola,-13.8833,167.55,27.75,77,100,6.5,VU,2023-02-07 20:36:47
244,disraeli,45.9001,-71.3491,-0.01,83,100,2.12,CA,2023-02-07 20:36:47
245,margate,51.3813,1.3862,3.28,65,7,2.66,GB,2023-02-07 20:35:42
246,kavieng,-2.5744,150.7967,27.24,78,100,3.51,PG,2023-02-07 20:36:20
247,oranjemund,-28.55,16.4333,17.61,94,84,6.63,NA,2023-02-07 20:36:48
248,dikson,73.5069,80.5464,-25.44,93,100,8.99,RU,2023-02-07 20:33:09
249,sisimiut,66.9395,-53.6735,-24.62,97,90,1.58,GL,2023-02-07 20:36:48
250,sao jose da coroa grande,-8.8978,-35.1478,26.12,68,78,3.93,BR,2023-02-07 20:36:47
251,tukan,53.8409,57.4552,-21.02,100,100,1.05,RU,2023-02-07 20:36:49
252,weymouth,42.2209,-70.9398,3.52,70,75,3.09,US,2023-02-07 20:36:49
253,shimoda,34.6667,138.95,8.95,75,98,1.91,JP,2023-02-07 20:36:49
254,kuloy,61.0305,42.4925,-6.12,94,100,4.69,RU,2023-02-07 20:33:14
255,eskil,38.4017,33.4131,-4.51,78,100,6.38,TR,2023-02-07 20:36:50
256,klaksvik,62.2266,-6.589,8.51,82,100,23.46,FO,2023-02-07 20:36:50
257,garmsar,35.2182,52.3409,9.58,46,70,2.84,IR,2023-02-07 20:36:50
258,tukrah,32.5341,20.5791,11.77,68,100,6.68,LY,2023-02-07 20:36:51
259,tiksi,71.6872,128.8694,-31.55,99,100,1.64,RU,2023-02-07 20:36:51
260,yerbogachen,61.2767,108.0108,-28.16,100,96,1.03,RU,2023-02-07 20:36:52
261,upernavik,72.7868,-56.1549,-27.35,96,96,1.38,GL,2023-02-07 20:36:52
262,tasiilaq,65.6145,-37.6368,-17.91,39,2,10.82,GL,2023-02-07 20:36:53
263,graaff-reinet,-32.2522,24.5308,18.29,88,100,5.04,ZA,2023-02-07 20:36:53
264,faanui,-16.4833,-151.75,26.62,76,28,5.06,PF,2023-02-07 20:32:45
265,muros,42.7762,-9.0603,8.94,63,3,8.88,ES,2023-02-07 20:33:57
266,caravelas,-17.7125,-39.2481,26.39,79,0,3.95,BR,2023-02-07 20:36:53
267,veraval,20.9,70.3667,21.19,76,1,3.71,IN,2023-02-07 20:36:54
268,elk point,42.6833,-96.6836,4.38,99,16,1.37,US,2023-02-07 20:36:54
269,plettenberg bay,-34.0527,23.3716,19.65,86,100,1.14,ZA,2023-02-07 20:36:54
270,lahij,13.1667,44.5833,21.71,62,12,1.61,YE,2023-02-07 20:36:55
271,tansen,27.8673,83.5467,6.97,73,2,2.29,NP,2023-02-07 20:36:55
272,burnie,-41.0667,145.9167,14.97,87,100,4.55,AU,2023-02-07 20:36:55
273,avera,33.194,-82.5271,20.77,39,99,2.83,US,2023-02-07 20:36:56
274,bilma,18.6853,12.9164,20.98,19,76,2.92,NE,2023-02-07 20:31:58
275,birao,10.2849,22.7882,24.46,14,75,4.16,CF,2023-02-07 20:36:56
276,nhulunbuy,-12.2333,136.7667,26.34,94,99,0.0,AU,2023-02-07 20:36:56
277,bukavu,-2.5083,28.8608,16.73,90,100,0.45,CD,2023-02-07 20:36:57
278,tondano,1.3038,124.9112,19.05,98,100,1.63,ID,2023-02-07 20:36:57
279,batagay-alyta,67.8006,130.4114,-35.56,99,100,0.35,RU,2023-02-07 20:32:18
280,vilhena,-12.7406,-60.1458,28.12,65,40,2.57,BR,2023-02-07 20:36:58
281,bondo,3.8146,23.6866,23.36,27,15,1.19,CD,2023-02-07 20:36:58
282,elumalai,9.8667,77.7,21.65,80,48,0.37,IN,2023-02-07 20:36:59
283,hovd,48.0056,91.6419,-17.65,79,22,0.98,MN,2023-02-07 20:36:45
284,bathsheba,13.2167,-59.5167,27.34,74,75,8.23,BB,2023-02-07 20:36:59
285,berlevag,70.8578,29.0864,3.0,75,0,11.32,NO,2023-02-07 20:36:59
286,zhigansk,66.7697,123.3711,-46.8,100,94,1.94,RU,2023-02-07 20:37:00
287,alekseyevskoye,55.3071,50.1135,-23.3,100,83,1.19,RU,2023-02-07 20:37:00
288,ibipeba,-11.6408,-42.0111,26.31,44,98,2.45,BR,2023-02-07 20:37:00
289,gotsu,35.0,132.2167,8.99,70,64,4.46,JP,2023-02-07 20:37:02
290,huarmey,-10.0681,-78.1522,24.97,72,15,4.28,PE,2023-02-07 20:36:30
291,tlaxco,19.6167,-98.1167,20.48,15,0,1.13,MX,2023-02-07 20:37:03
292,tandalti,13.0167,31.8667,20.97,18,2,8.04,SD,2023-02-07 20:37:04
293,mandan,46.8267,-100.8896,5.45,69,0,5.14,US,2023-02-07 20:37:05
294,tutoia,-2.7619,-42.2744,25.36,87,92,4.37,BR,2023-02-07 20:37:05
295,qaqortoq,60.7167,-46.0333,-24.67,70,0,3.52,GL,2023-02-07 20:37:06
296,pabna,24.0,89.25,16.5,51,0,1.98,BD,2023-02-07 20:37:07
297,shache,38.4167,77.2406,-1.0,64,0,3.26,CN,2023-02-07 20:37:08
298,sainte-marie,-20.8968,55.5496,26.09,96,100,6.69,RE,2023-02-07 20:37:08
299,primorsk,46.7348,36.3443,-2.1,57,100,10.51,UA,2023-02-07 20:37:10
300,qandala,11.472,49.8728,24.04,82,88,2.13,SO,2023-02-07 20:37:10
301,chapais,49.7834,-74.8492,-6.12,94,100,6.21,CA,2023-02-07 20:33:42
302,mayor pablo lagerenza,-19.9309,-60.7718,29.98,54,69,3.76,PY,2023-02-07 20:37:11
303,santa cruz,-17.8,-63.1667,29.7,65,75,4.12,BO,2023-02-07 20:37:12
304,beisfjord,68.3751,17.5988,4.47,93,100,5.42,NO,2023-02-07 20:37:12
305,quatre cocos,-20.2078,57.7625,26.06,77,20,6.94,MU,2023-02-07 20:37:13
306,kostomuksha,64.571,30.5767,0.31,93,100,4.12,RU,2023-02-07 20:37:14
307,ponta do sol,32.6667,-17.1,15.4,69,14,2.04,PT,2023-02-07 20:37:14
308,half moon bay,37.4636,-122.4286,16.99,61,0,0.0,US,2023-02-07 20:37:14
309,baykit,61.67,96.37,-16.06,98,100,0.79,RU,2023-02-07 20:37:15
310,perry,37.2506,-83.1999,19.4,52,100,4.5,US,2023-02-07 20:37:15
311,novouzensk,50.4592,48.1431,-12.2,91,6,6.5,RU,2023-02-07 20:37:16
312,shishou,29.7226,112.419,9.71,74,100,1.41,CN,2023-02-07 20:37:18
313,buchanan,5.8808,-10.0467,25.69,90,70,2.3,LR,2023-02-07 20:37:19
314,saint-paul,-21.0096,55.2707,26.06,77,18,2.26,RE,2023-02-07 20:35:48
315,prince george,53.9166,-122.753,1.46,92,100,3.09,CA,2023-02-07 20:37:19
316,puerto parra,6.6515,-74.0573,35.09,41,24,0.87,CO,2023-02-07 20:37:20
317,loreto,22.2667,-101.9667,24.46,14,37,5.37,MX,2023-02-07 20:37:21
318,smoky lake,54.1169,-112.4686,3.4,52,85,4.12,CA,2023-02-07 20:37:22
319,bogorodsk,56.1033,43.5158,-14.36,100,98,1.82,RU,2023-02-07 20:37:23
320,benguela,-12.5763,13.4055,23.97,76,47,2.97,AO,2023-02-07 20:37:23
321,andernach,50.4333,7.4,1.48,72,68,1.0,DE,2023-02-07 20:37:25
322,codrington,-38.2667,141.9667,12.96,84,91,3.38,AU,2023-02-07 20:37:26
323,ramanuj ganj,23.8,83.7,13.25,44,0,1.85,IN,2023-02-07 20:37:27
324,pimentel,-6.8367,-79.9342,29.16,51,20,8.23,PE,2023-02-07 20:37:27
325,mamallapuram,12.6264,80.1722,24.03,75,5,1.81,IN,2023-02-07 20:37:27
326,vangaindrano,-23.35,47.6,22.68,87,97,0.59,MG,2023-02-07 20:37:28
327,yumen,40.2833,97.2,-2.39,53,100,5.43,CN,2023-02-07 20:37:28
328,sibolga,1.7427,98.7792,23.36,75,100,1.82,ID,2023-02-07 20:37:29
329,los algarrobos,8.5,-82.4333,31.67,47,100,0.83,PA,2023-02-07 20:37:29
330,port-cartier,50.0334,-66.8654,-7.88,82,100,4.83,CA,2023-02-07 20:37:30
331,japura,-0.3167,102.35,22.73,93,100,0.73,ID,2023-02-07 20:37:31
332,bodden town,19.2833,-81.25,29.0,72,40,8.23,KY,2023-02-07 20:37:31
333,kismayo,-0.3582,42.5454,24.6,88,49,6.79,SO,2023-02-07 20:37:31
334,pacifica,37.6138,-122.4869,16.14,68,75,2.06,US,2023-02-07 20:33:01
335,sorland,67.667,12.6934,3.92,80,100,16.65,NO,2023-02-07 20:36:54
336,manavalakurichi,8.1333,77.3,24.1,72,74,1.82,IN,2023-02-07 20:37:32
337,mareeba,-17.0,145.4333,24.4,90,79,0.28,AU,2023-02-07 20:37:32
338,indiana,40.0003,-86.2503,14.12,59,100,6.26,US,2023-02-07 20:37:33
339,touros,-5.1989,-35.4608,26.86,68,49,7.53,BR,2023-02-07 20:37:18
340,honiara,-9.4333,159.95,26.59,83,99,1.44,SB,2023-02-07 20:36:48
341,san quintin,30.4833,-115.95,17.94,35,0,4.01,MX,2023-02-07 20:37:33
342,camocim,-2.9022,-40.8411,25.88,83,100,5.61,BR,2023-02-07 20:37:34
343,bourail,-21.5667,165.4833,26.59,82,100,2.12,NC,2023-02-07 20:37:35
344,aykhal,66.0,111.5,-38.25,100,100,1.55,RU,2023-02-07 20:37:35
345,lewistown,40.5992,-77.5714,8.42,75,75,0.0,US,2023-02-07 20:37:36
346,sicuani,-14.2694,-71.2261,14.39,50,99,4.35,PE,2023-02-07 20:37:36
347,suixi,33.8907,116.7747,6.06,82,100,2.46,CN,2023-02-07 20:37:36
348,krasnoselkup,65.7,82.4667,-26.44,100,94,3.65,RU,2023-02-07 20:37:37
349,ullapool,57.8987,-5.1604,5.19,80,21,6.46,GB,2023-02-07 20:37:37
350,buckeye,33.3703,-112.5838,20.43,18,0,4.12,US,2023-02-07 20:37:37
351,goundam,16.4145,-3.6708,28.29,11,100,4.07,ML,2023-02-07 20:37:38
352,hammerfest,70.6634,23.6821,0.25,100,100,7.2,NO,2023-02-07 20:37:24
353,honningsvag,70.9821,25.9704,1.86,69,100,11.32,NO,2023-02-07 20:37:38
354,bulgan,48.8125,103.5347,-19.54,94,11,1.68,MN,2023-02-07 20:37:39
355,aklavik,68.2191,-135.0107,-30.0,76,100,2.06,CA,2023-02-07 20:37:39
356,constitucion,-35.3333,-72.4167,21.02,56,12,3.79,CL,2023-02-07 20:35:56
357,smirnykh,49.75,142.8333,-22.85,99,60,1.67,RU,2023-02-07 20:37:39
358,borogontsy,62.6683,131.1683,-43.43,100,100,0.3,RU,2023-02-07 20:37:40
359,sembe,1.6481,14.5806,24.64,59,86,1.26,CG,2023-02-07 20:37:40
360,elizabeth city,36.2946,-76.2511,15.01,57,0,4.12,US,2023-02-07 20:37:40
361,grand gaube,-20.0064,57.6608,26.22,78,12,5.36,MU,2023-02-07 20:37:39
362,trinidad,-14.8333,-64.9,26.99,78,75,3.6,BO,2023-02-07 20:37:41
363,vardo,70.3705,31.1107,-0.01,80,0,13.38,NO,2023-02-07 20:37:41
364,martapura,-3.4167,114.85,23.05,100,75,1.54,ID,2023-02-07 20:37:41
365,marsa matruh,31.3525,27.2453,11.22,72,93,4.67,EG,2023-02-07 20:37:42
366,iskilip,40.7353,34.4739,-6.35,79,100,2.57,TR,2023-02-07 20:37:42
367,phan thiet,10.9333,108.1,22.53,83,72,2.27,VN,2023-02-07 20:37:43
368,vila franca do campo,37.7167,-25.4333,12.23,82,72,5.95,PT,2023-02-07 20:37:43
369,mutoko,-17.397,32.2268,17.9,76,10,0.94,ZW,2023-02-07 20:37:43
370,palana,59.1167,159.9667,-28.04,100,100,3.83,RU,2023-02-07 20:33:38
371,roald,62.5833,6.1333,7.41,65,40,6.69,NO,2023-02-07 20:37:44
372,olafsvik,64.8945,-23.7142,-2.55,63,100,15.59,IS,2023-02-07 20:37:44
373,qui nhon,13.7667,109.2333,22.24,90,54,2.29,VN,2023-02-07 20:37:44
374,mount gambier,-37.8333,140.7667,12.39,85,5,3.22,AU,2023-02-07 20:34:37
375,zacualpan,21.25,-105.1667,35.79,57,44,3.09,MX,2023-02-07 20:37:45
376,la ronge,55.1001,-105.2842,3.14,52,20,10.29,CA,2023-02-07 20:37:45
377,guerrero negro,27.9769,-114.0611,21.28,20,1,1.74,MX,2023-02-07 20:37:22
378,ola,59.5833,151.2833,-30.2,86,57,3.97,RU,2023-02-07 20:37:46
379,thunder bay,48.4001,-89.3168,-3.01,54,75,7.2,CA,2023-02-07 20:37:46
380,rundu,-17.9333,19.7667,19.03,91,100,2.25,NA,2023-02-07 20:37:46
381,merauke,-8.4667,140.3333,25.08,91,99,4.37,ID,2023-02-07 20:37:47
382,marathon,44.9,-89.7668,2.97,72,100,8.75,US,2023-02-07 20:37:40
383,high prairie,55.4334,-116.4858,0.7,81,94,2.89,CA,2023-02-07 20:37:47
384,mulchen,-37.7167,-72.2333,32.92,14,0,3.55,CL,2023-02-07 20:37:47
385,atyrau,47.1167,51.8833,-4.99,86,40,12.0,KZ,2023-02-07 20:37:48
386,eenhana,-17.4667,16.3333,22.32,43,99,2.2,NA,2023-02-07 20:37:49
387,sinegorye,62.0788,150.477,-34.62,99,100,0.24,RU,2023-02-07 20:37:49
388,bijapur,16.8333,75.7,24.43,34,100,2.34,IN,2023-02-07 20:37:49
389,mbandaka,0.0487,18.2603,26.88,55,94,1.73,CD,2023-02-07 20:37:50
390,siuna,13.7332,-84.7773,28.9,53,51,4.16,NI,2023-02-07 20:37:50
391,clyde river,70.4692,-68.5914,-33.87,68,40,3.6,CA,2023-02-07 20:37:50
392,krasnovishersk,60.4078,57.082,-16.02,97,100,2.23,RU,2023-02-07 20:37:51
393,yichang,30.7144,111.2847,10.39,84,100,0.14,CN,2023-02-07 20:37:51
394,igarka,67.4667,86.5833,-20.45,100,95,1.6,RU,2023-02-07 20:33:22
395,salym,60.0625,71.4789,-29.96,100,71,1.4,RU,2023-02-07 20:37:51
396,harsud,22.1,76.7333,17.86,31,0,3.11,IN,2023-02-07 20:37:52
397,liverpool,53.4106,-2.9779,7.01,85,75,2.06,GB,2023-02-07 20:37:52
398,fairbanks,64.8378,-147.7164,-14.55,82,75,0.0,US,2023-02-07 20:33:54
399,meulaboh,4.1363,96.1285,23.99,83,100,1.33,ID,2023-02-07 20:37:53
400,urucara,-2.5364,-57.76,28.27,78,97,0.76,BR,2023-02-07 20:37:53
401,buraydah,26.326,43.975,13.25,38,100,2.57,SA,2023-02-07 20:34:52
402,le pont-de-claix,45.1244,5.7064,3.12,71,1,0.52,FR,2023-02-07 20:37:53
403,mgachi,51.05,142.2667,-19.33,98,100,1.57,RU,2023-02-07 20:37:53
404,kommunisticheskiy,61.6789,64.4819,-25.4,100,100,1.99,RU,2023-02-07 20:37:54
405,ascension,30.2169,-90.9001,26.12,57,100,3.09,US,2023-02-07 20:37:54
406,banda aceh,5.5577,95.3222,25.33,84,98,2.78,ID,2023-02-07 20:37:54
407,pouembout,-21.1333,164.9,26.75,83,100,1.17,NC,2023-02-07 20:37:55
408,tevriz,57.509,72.4042,-24.9,100,46,1.57,RU,2023-02-07 20:37:55
409,namatanai,-3.6667,152.4333,26.14,84,100,2.85,PG,2023-02-07 20:37:55
410,harper,4.375,-7.7169,26.57,85,78,3.01,LR,2023-02-07 20:37:56
411,vila,42.0304,-8.1588,2.49,70,14,2.51,PT,2023-02-07 20:37:56
412,santiago del estero,-27.7951,-64.2615,40.1,17,5,3.38,AR,2023-02-07 20:37:56
413,hamilton,39.1834,-84.5333,13.35,78,100,4.12,US,2023-02-07 20:37:57
414,luderitz,-26.6481,15.1594,20.08,77,1,9.13,NA,2023-02-07 20:37:57
415,kungurtug,50.5994,97.5228,-25.36,98,26,0.82,RU,2023-02-07 20:37:57
416,dingle,10.9995,122.6711,22.76,95,100,3.15,PH,2023-02-07 20:36:14
417,kawalu,-7.3817,108.2082,22.35,95,100,0.98,ID,2023-02-07 20:37:58
418,maniitsoq,65.4167,-52.9,-19.08,91,97,4.0,GL,2023-02-07 20:37:58
419,gondar,12.6,37.4667,15.88,43,7,2.36,ET,2023-02-07 20:37:58
420,kemijarvi,66.7131,27.4306,-2.21,87,47,3.82,FI,2023-02-07 20:37:59
421,batemans bay,-35.7167,150.1833,18.94,92,98,1.81,AU,2023-02-07 20:37:59
422,nacala,-14.5428,40.6728,24.67,91,100,3.38,MZ,2023-02-07 20:37:59
423,vao,-22.6667,167.4833,26.2,71,53,4.85,NC,2023-02-07 20:37:20
424,turukhansk,65.8167,87.9833,-15.23,96,100,3.01,RU,2023-02-07 20:37:38
425,zomba,-15.386,35.3188,18.56,96,100,1.12,MW,2023-02-07 20:38:00
426,lanzhou,36.0564,103.7922,-0.45,82,100,3.24,CN,2023-02-07 20:38:00
427,willowmore,-33.2926,23.4895,18.6,70,100,5.13,ZA,2023-02-07 20:38:00
428,mount isa,-20.7333,139.5,25.87,94,100,2.06,AU,2023-02-07 20:38:01
429,opuwo,-18.0607,13.84,20.76,50,100,3.76,NA,2023-02-07 20:38:01
430,sitka,57.0531,-135.33,2.94,81,75,1.54,US,2023-02-07 20:37:43
431,la asuncion,11.0333,-63.8628,25.42,79,97,7.72,VE,2023-02-07 20:37:50
432,luganville,-15.5333,167.1667,26.32,77,100,0.37,VU,2023-02-07 20:38:03
433,limni,38.7667,23.3167,4.24,62,98,5.43,GR,2023-02-07 20:38:04
434,zhaotong,27.3167,103.7167,3.26,85,83,1.79,CN,2023-02-07 20:38:05
435,filingue,14.3521,3.3168,26.38,12,88,3.92,NE,2023-02-07 20:38:06
436,hvide sande,56.0045,8.1294,3.94,90,99,6.43,DK,2023-02-07 20:38:06
437,alofi,-19.0595,-169.9187,22.94,100,100,2.57,NU,2023-02-07 20:34:57
438,kichera,55.9375,110.0997,-20.12,84,45,1.95,RU,2023-02-07 20:38:07
439,komsomolskiy,40.4272,71.7189,2.4,80,11,4.12,UZ,2023-02-07 20:38:07
440,albanel,48.8832,-72.4487,-6.92,68,100,5.66,CA,2023-02-07 20:38:07
441,touzim,50.0605,12.9851,-5.69,86,0,1.03,CZ,2023-02-07 20:38:08
442,kununurra,-15.7667,128.7333,23.99,88,4,0.51,AU,2023-02-07 20:37:31
443,kalawit,8.0667,122.5167,24.61,90,100,3.75,PH,2023-02-07 20:38:08
444,great falls,47.5002,-111.3008,7.45,46,75,10.29,US,2023-02-07 20:35:40
445,bonavista,48.6499,-53.1147,-5.56,66,100,9.13,CA,2023-02-07 20:38:09
446,mayna,54.1135,47.6231,-21.41,100,73,1.92,RU,2023-02-07 20:38:09
447,praia da vitoria,38.7333,-27.0667,13.14,71,75,6.44,PT,2023-02-07 20:38:10
448,porto nacional,-10.7081,-48.4172,24.0,75,94,1.22,BR,2023-02-07 20:38:11
449,sterling,39.0062,-77.4286,11.59,52,75,6.26,US,2023-02-07 20:38:11
450,gedo,9.0167,37.45,13.08,29,2,1.39,ET,2023-02-07 20:38:12
451,muzaffarabad,34.37,73.4711,6.81,61,23,3.35,PK,2023-02-07 20:38:14
452,itapora,-22.0799,-54.7874,28.02,68,90,2.43,BR,2023-02-07 20:38:15
453,manokwari,-0.8667,134.0833,25.27,84,100,2.58,ID,2023-02-07 20:38:16
454,alto araguaia,-17.3147,-53.2153,24.69,81,88,2.47,BR,2023-02-07 20:38:17
455,barsovo,61.1667,73.1667,-28.88,100,15,2.16,RU,2023-02-07 20:38:17
456,sao joao da barra,-21.6403,-41.0511,28.05,87,100,2.52,BR,2023-02-07 20:38:18
457,shellbrook,53.2168,-106.4011,2.05,91,11,6.24,CA,2023-02-07 20:33:41
458,mogadishu,2.0371,45.3438,24.83,86,54,8.79,SO,2023-02-07 20:37:02
459,tura,25.5198,90.2201,14.79,51,6,1.27,IN,2023-02-07 20:38:20
460,dunedin,-45.8742,170.5036,14.55,55,29,8.29,NZ,2023-02-07 20:38:21
461,loukisia,38.4833,23.45,1.32,100,75,0.0,GR,2023-02-07 20:38:21
462,genhe,50.7833,121.5167,-31.2,100,99,0.44,CN,2023-02-07 20:38:21
463,kashi,39.4547,75.9797,-0.44,64,0,4.0,CN,2023-02-07 20:38:22
464,pizhanka,57.4604,48.542,-15.39,100,100,3.0,RU,2023-02-07 20:38:22
465,chesma,53.8111,60.6533,-19.03,100,91,2.37,RU,2023-02-07 20:38:22
466,camacha,33.0833,-16.3333,13.68,63,75,5.66,PT,2023-02-07 20:38:23
467,thabazimbi,-24.5917,27.4116,24.63,46,100,0.86,ZA,2023-02-07 20:38:23
468,sarakhs,36.5449,61.1577,14.43,36,30,6.61,IR,2023-02-07 20:38:23
469,amapa,1.0,-52.0,22.98,97,100,1.53,BR,2023-02-07 20:38:24
470,nemuro,43.3236,145.575,-4.77,80,66,4.31,JP,2023-02-07 20:38:24
471,karoi,-16.8099,29.6925,17.02,92,2,1.95,ZW,2023-02-07 20:38:24
472,borzya,50.3833,116.5167,-27.0,100,93,0.09,RU,2023-02-07 20:38:27
473,maamba,-17.3667,27.15,21.2,72,8,1.56,ZM,2023-02-07 20:38:29
474,petropavlovsk-kamchatskiy,53.0452,158.6483,-22.67,77,0,3.0,RU,2023-02-07 20:38:31
475,narsaq,60.9167,-46.05,-18.88,70,0,2.92,GL,2023-02-07 20:37:31
476,jais,26.25,81.5333,14.78,66,0,3.66,IN,2023-02-07 20:38:31
477,sawakin,19.1059,37.3321,22.28,64,85,5.93,SD,2023-02-07 20:38:32
478,kirovskaya,46.9748,40.0402,-5.02,70,100,8.82,RU,2023-02-07 20:38:32
479,anadyr,64.75,177.4833,-30.72,74,0,3.0,RU,2023-02-07 20:38:35
480,arman,59.7,150.1667,-30.18,84,57,3.98,RU,2023-02-07 20:38:38
481,teguise,29.0605,-13.564,15.12,67,20,2.57,ES,2023-02-07 20:38:38
482,raahe,64.6833,24.4833,0.05,97,96,2.77,FI,2023-02-07 20:38:41
483,canning,22.3189,88.6714,22.01,84,0,2.68,IN,2023-02-07 20:38:41
484,hanmer springs,-42.5167,172.8167,17.86,49,76,1.94,NZ,2023-02-07 20:38:42
485,guasdualito,7.2424,-70.7324,31.98,51,40,1.03,VE,2023-02-07 20:38:42
486,moanda,-1.5575,13.2178,22.96,89,93,0.97,GA,2023-02-07 20:38:43
487,kaeo,-35.1,173.7833,17.4,96,64,2.12,NZ,2023-02-07 20:34:59
488,beboto,8.2668,16.939,25.64,14,6,1.48,TD,2023-02-07 20:38:43
489,lambarene,-0.7001,10.2406,24.88,91,92,1.58,GA,2023-02-07 20:38:43
490,camargo,27.6667,-105.1667,18.72,18,54,1.29,MX,2023-02-07 20:38:44
491,kavaratti,10.5669,72.642,26.62,71,95,5.21,IN,2023-02-07 20:38:45
492,ugoofaaru,5.6667,73.0,27.1,69,78,3.3,MV,2023-02-07 20:38:45
493,san juan,-31.5375,-68.5364,38.32,12,0,3.47,AR,2023-02-07 20:38:45
494,nassau,40.7507,-73.5829,4.96,70,0,4.63,US,2023-02-07 20:38:46
495,baiao,-2.7906,-49.6717,25.06,94,96,1.36,BR,2023-02-07 20:38:46
496,uvalde,29.3669,-99.767,22.4,88,100,0.0,US,2023-02-07 20:38:46
497,ocos,14.5094,-92.1933,32.1,60,33,5.33,GT,2023-02-07 20:38:47
498,banjar,-8.19,114.9675,24.8,90,100,0.25,ID,2023-02-07 20:38:43
499,mahanoro,-19.9,48.8,23.63,88,100,1.96,MG,2023-02-07 20:38:47
500,viedma,-40.8135,-62.9967,27.6,40,8,6.61,AR,2023-02-07 20:37:05
501,aksarka,66.5606,67.7975,-18.84,90,100,6.75,RU,2023-02-07 20:38:48
502,labuan,5.2767,115.2417,26.24,74,99,1.72,MY,2023-02-07 20:38:48
503,arona,28.0996,-16.681,13.96,63,20,3.09,ES,2023-02-07 20:38:48
504,micheweni,-4.9667,39.8333,27.04,78,57,6.65,TZ,2023-02-07 20:38:48
505,triunfo,-29.9433,-51.7181,29.55,40,21,4.57,BR,2023-02-07 20:38:49
506,goundi,9.3627,17.366,28.53,12,9,1.43,TD,2023-02-07 20:38:49
507,tual,-5.6667,132.75,28.04,74,100,9.7,ID,2023-02-07 20:37:35
508,lalibela,12.0333,39.0333,14.69,33,0,3.9,ET,2023-02-07 20:38:49
509,alingsas,57.9303,12.5335,3.84,93,100,4.15,SE,2023-02-07 20:38:50
510,san juan de colon,8.0313,-72.2605,26.77,60,81,1.58,VE,2023-02-07 20:38:50
511,kuytun,54.3419,101.5036,-23.01,100,100,1.27,RU,2023-02-07 20:38:50
512,concarneau,47.875,-3.9225,3.44,71,0,5.75,FR,2023-02-07 20:38:50
513,bubaque,11.2833,-15.8333,24.08,68,50,6.98,GW,2023-02-07 20:38:51
514,umtata,-31.5889,28.7844,20.31,94,100,2.57,ZA,2023-02-07 20:38:51
515,teahupoo,-17.8333,-149.2667,26.98,68,0,3.01,PF,2023-02-07 20:38:51
516,arlit,18.7369,7.3853,25.19,12,100,4.0,NE,2023-02-07 20:38:52
517,malpe,13.35,74.7167,25.61,81,32,2.35,IN,2023-02-07 20:38:52
518,westerland,54.9079,8.3033,1.01,93,20,2.57,DE,2023-02-07 20:38:52
519,lompoc,34.6391,-120.4579,20.56,48,0,2.68,US,2023-02-07 20:33:10
520,hailun,47.45,126.9333,-27.33,100,72,1.66,CN,2023-02-07 20:38:53
521,zapolyarnyy,69.4154,30.8136,-0.4,78,12,10.6,RU,2023-02-07 20:38:53
522,chivilcoy,-34.8957,-60.0167,38.43,12,2,3.35,AR,2023-02-07 20:38:54
523,rokytne,51.2796,27.214,-5.6,89,12,2.49,UA,2023-02-07 20:38:54
524,san vicente,-26.6167,-54.1333,33.96,18,8,1.81,AR,2023-02-07 20:29:00
525,mora,11.0461,14.1401,22.87,23,50,2.27,CM,2023-02-07 20:34:06
526,khash,28.2211,61.2158,13.19,44,4,4.11,IR,2023-02-07 20:38:54
527,ukiah,39.1502,-123.2078,16.63,62,0,0.0,US,2023-02-07 20:38:09
528,am timan,11.0297,20.2827,27.9,13,6,3.65,TD,2023-02-07 20:38:55
529,ambilobe,-13.2,49.05,22.75,97,100,1.19,MG,2023-02-07 20:38:55
530,magistralnyy,56.1725,107.4458,-23.86,100,85,1.46,RU,2023-02-07 20:38:56
531,iznoski,54.9881,35.3108,-13.95,99,73,1.0,RU,2023-02-07 20:38:56
532,erzin,36.9559,36.2,2.14,61,37,2.83,TR,2023-02-07 20:38:56
533,koshurnikovo,54.1667,93.3,-17.2,99,100,1.28,RU,2023-02-07 20:38:57
534,chase,50.8165,-119.6857,7.86,93,100,2.15,CA,2023-02-07 20:38:57
535,kajaani,64.2273,27.7285,0.03,93,100,3.6,FI,2023-02-07 20:38:57
536,comodoro rivadavia,-45.8667,-67.5,24.92,25,0,4.12,AR,2023-02-07 20:35:51
537,mlawa,53.1128,20.3841,-1.34,82,84,0.45,PL,2023-02-07 20:38:58
538,oga,46.4631,10.347,-4.62,93,8,0.36,IT,2023-02-07 20:38:58
539,tall kayf,37.0833,41.0667,4.19,89,22,2.01,TR,2023-02-07 20:39:00
540,mecca,21.4267,39.8261,18.7,50,95,4.22,SA,2023-02-07 20:34:50
541,mackay,-21.15,149.2,25.93,82,98,8.57,AU,2023-02-07 20:39:00
542,pak phanang,8.3511,100.202,25.3,81,33,2.01,TH,2023-02-07 20:39:01
543,kudahuvadhoo,2.6708,72.8944,26.98,74,39,3.88,MV,2023-02-07 20:39:01
544,port hardy,50.6996,-127.4199,7.1,87,75,2.06,CA,2023-02-07 20:36:40
545,vestmannaeyjar,63.4427,-20.2734,-0.05,63,100,16.67,IS,2023-02-07 20:39:02
546,alyangula,-13.8483,136.4192,28.05,71,100,1.64,AU,2023-02-07 20:39:02
547,egvekinot,66.3167,-179.1667,-30.61,87,97,4.0,RU,2023-02-07 20:36:42
